model,df,AIC
model_plate,234,153087.42596014286
model_line,39,172074.75682168658
model_screenid,24,180989.07460573284
model_intercept,3,207865.09881380288
